{
  "years": [
    {
      "year": "First Year",
      "semesters": [
        {
          "semester": "1st Sem",
          "subjects": [
            { "code": "6465", "name": "Maths", "marks": 50 },
            { "code": "5665", "name": "DSA", "marks": 60 },
            { "code": "1755", "name": "STQA", "marks": 70 }
          ]
        },
        {
          "semester": "2nd Sem",
          "subjects": [
            { "code": "6465", "name": "Maths", "marks": 55 },
            { "code": "5665", "name": "DSA", "marks": 65 },
            { "code": "1755", "name": "STQA", "marks": 75 }
          ]
        }
      ]
    },
    {
      "year": "Second Year",
      "semesters": [
        {
          "semester": "1st Sem",
          "subjects": [
            { "code": "6466", "name": "OOP", "marks": 65 },
            { "code": "5666", "name": "DBMS", "marks": 70 },
            { "code": "1756", "name": "Networks", "marks": 80 },
            { "code": "1796", "name": "OOD", "marks": 90 }
          ]
        },
        {
          "semester": "2nd Sem",
          "subjects": [
            { "code": "6466", "name": "OOP", "marks": 70 },
            { "code": "5666", "name": "DBMS", "marks": 75 },
            { "code": "1756", "name": "Networks", "marks": 85 }
          ]
        }
      ]
    },
    {
      "year": "Third Year",
      "semesters": [
        {
          "semester": "1st Sem",
          "subjects": [
            { "code": "6467", "name": "AI", "marks": 75 },
            { "code": "5667", "name": "ML", "marks": 80 },
            { "code": "1757", "name": "Data Science", "marks": 85 }
          ]
        },
        {
          "semester": "2nd Sem",
          "subjects": [
            { "code": "6467", "name": "AI", "marks": 80 },
            { "code": "5667", "name": "ML", "marks": 85 },
            { "code": "1757", "name": "Data Science", "marks": 90 }
          ]
        }
      ]
    }
  ]
}
